{
  "accounting": {
    "test_type": "accounting",
    "iterations": 50,
    "min": 29.94990348815918,
    "max": 161.59915924072266,
    "mean": 56.71092987060547,
    "median": 51.03194713592529,
    "std_dev": 23.618192460435566,
    "percentiles": {
      "50": 51.03194713592529,
      "90": 76.48475170135498,
      "95": 125.03352165222168,
      "99": 161.59915924072266
    }
  },
  "queue_operations": {
    "test_type": "queue_operations",
    "iterations": 50,
    "min": 1.0480880737304688,
    "max": 3.0879974365234375,
    "mean": 1.2363576889038086,
    "median": 1.1757612228393555,
    "std_dev": 0.2834789666727255,
    "percentiles": {
      "50": 1.1757612228393555,
      "90": 1.3921260833740234,
      "95": 1.487421989440918,
      "99": 1.0480880737304688
    }
  },
  "overall": {
    "test_type": "overall",
    "iterations": 25,
    "min": 10.518074035644531,
    "max": 227.8740406036377,
    "mean": 22.58535385131836,
    "median": 11.958122253417969,
    "std_dev": 43.18026742963276,
    "percentiles": {
      "50": 11.958122253417969,
      "90": 30.321979522705078,
      "95": 169.154691696167,
      "99": 10.75887680053711
    }
  }
}